{
  "backprop" : true,
  "backpropType" : "Standard",
  "confs" : [ {
    "iterationCount" : 0,
    "l1ByParam" : {
      "b" : 0.0,
      "W" : 0.0
    },
    "l2ByParam" : {
      "b" : 0.0,
      "W" : 0.0
    },
    "layer" : {
      "convolution" : {
        "activationFn" : {
          "ReLU" : { }
        },
        "adamMeanDecay" : "NaN",
        "adamVarDecay" : "NaN",
        "biasInit" : 0.0,
        "biasLearningRate" : 0.01,
        "convolutionMode" : "Truncate",
        "cudnnAlgoMode" : "PREFER_FASTEST",
        "dist" : null,
        "dropOut" : 0.0,
        "epsilon" : 1.0E-8,
        "gradientNormalization" : "None",
        "gradientNormalizationThreshold" : 1.0,
        "kernelSize" : [ 1, 10 ],
        "l1" : 0.0,
        "l1Bias" : 0.0,
        "l2" : 0.0,
        "l2Bias" : 0.0,
        "layerName" : "layer0",
        "learningRate" : 0.01,
        "learningRateSchedule" : null,
        "momentum" : "NaN",
        "momentumSchedule" : null,
        "nin" : 3,
        "nout" : 130,
        "padding" : [ 0, 0 ],
        "rho" : "NaN",
        "rmsDecay" : 0.95,
        "stride" : [ 1, 1 ],
        "updater" : "RMSPROP",
        "weightInit" : "XAVIER"
      }
    },
    "leakyreluAlpha" : 0.0,
    "learningRateByParam" : {
      "b" : 0.01,
      "W" : 0.01
    },
    "learningRatePolicy" : "None",
    "lrPolicyDecayRate" : "NaN",
    "lrPolicyPower" : "NaN",
    "lrPolicySteps" : "NaN",
    "maxNumLineSearchIterations" : 5,
    "miniBatch" : true,
    "minimize" : true,
    "numIterations" : 1,
    "optimizationAlgo" : "STOCHASTIC_GRADIENT_DESCENT",
    "pretrain" : false,
    "seed" : 123,
    "stepFunction" : null,
    "useDropConnect" : false,
    "useRegularization" : false,
    "variables" : [ "W", "b" ]
  }, {
    "iterationCount" : 0,
    "l1ByParam" : { },
    "l2ByParam" : { },
    "layer" : {
      "subsampling" : {
        "activationFn" : {
          "ReLU" : { }
        },
        "adamMeanDecay" : "NaN",
        "adamVarDecay" : "NaN",
        "biasInit" : 0.0,
        "biasLearningRate" : 0.01,
        "convolutionMode" : "Truncate",
        "dist" : null,
        "dropOut" : 0.0,
        "eps" : 1.0E-8,
        "epsilon" : 1.0E-8,
        "gradientNormalization" : "None",
        "gradientNormalizationThreshold" : 1.0,
        "kernelSize" : [ 1, 2 ],
        "l1" : 0.0,
        "l1Bias" : 0.0,
        "l2" : 0.0,
        "l2Bias" : 0.0,
        "layerName" : "layer1",
        "learningRate" : 0.01,
        "learningRateSchedule" : null,
        "momentum" : "NaN",
        "momentumSchedule" : null,
        "padding" : [ 0, 0 ],
        "pnorm" : 0,
        "poolingType" : "MAX",
        "rho" : "NaN",
        "rmsDecay" : 0.95,
        "stride" : [ 1, 2 ],
        "updater" : "RMSPROP",
        "weightInit" : "XAVIER"
      }
    },
    "leakyreluAlpha" : 0.0,
    "learningRateByParam" : { },
    "learningRatePolicy" : "None",
    "lrPolicyDecayRate" : "NaN",
    "lrPolicyPower" : "NaN",
    "lrPolicySteps" : "NaN",
    "maxNumLineSearchIterations" : 5,
    "miniBatch" : true,
    "minimize" : true,
    "numIterations" : 1,
    "optimizationAlgo" : "STOCHASTIC_GRADIENT_DESCENT",
    "pretrain" : false,
    "seed" : 123,
    "stepFunction" : null,
    "useDropConnect" : false,
    "useRegularization" : false,
    "variables" : [ ]
  }, {
    "iterationCount" : 0,
    "l1ByParam" : {
      "b" : 0.0,
      "W" : 0.0
    },
    "l2ByParam" : {
      "b" : 0.0,
      "W" : 0.0
    },
    "layer" : {
      "convolution" : {
        "activationFn" : {
          "ReLU" : { }
        },
        "adamMeanDecay" : "NaN",
        "adamVarDecay" : "NaN",
        "biasInit" : 0.0,
        "biasLearningRate" : 0.01,
        "convolutionMode" : "Truncate",
        "cudnnAlgoMode" : "PREFER_FASTEST",
        "dist" : null,
        "dropOut" : 0.0,
        "epsilon" : 1.0E-8,
        "gradientNormalization" : "None",
        "gradientNormalizationThreshold" : 1.0,
        "kernelSize" : [ 1, 10 ],
        "l1" : 0.0,
        "l1Bias" : 0.0,
        "l2" : 0.0,
        "l2Bias" : 0.0,
        "layerName" : "layer2",
        "learningRate" : 0.01,
        "learningRateSchedule" : null,
        "momentum" : "NaN",
        "momentumSchedule" : null,
        "nin" : 130,
        "nout" : 70,
        "padding" : [ 0, 0 ],
        "rho" : "NaN",
        "rmsDecay" : 0.95,
        "stride" : [ 1, 1 ],
        "updater" : "RMSPROP",
        "weightInit" : "XAVIER"
      }
    },
    "leakyreluAlpha" : 0.0,
    "learningRateByParam" : {
      "b" : 0.01,
      "W" : 0.01
    },
    "learningRatePolicy" : "None",
    "lrPolicyDecayRate" : "NaN",
    "lrPolicyPower" : "NaN",
    "lrPolicySteps" : "NaN",
    "maxNumLineSearchIterations" : 5,
    "miniBatch" : true,
    "minimize" : true,
    "numIterations" : 1,
    "optimizationAlgo" : "STOCHASTIC_GRADIENT_DESCENT",
    "pretrain" : false,
    "seed" : 123,
    "stepFunction" : null,
    "useDropConnect" : false,
    "useRegularization" : false,
    "variables" : [ "W", "b" ]
  }, {
    "iterationCount" : 0,
    "l1ByParam" : { },
    "l2ByParam" : { },
    "layer" : {
      "subsampling" : {
        "activationFn" : {
          "ReLU" : { }
        },
        "adamMeanDecay" : "NaN",
        "adamVarDecay" : "NaN",
        "biasInit" : 0.0,
        "biasLearningRate" : 0.01,
        "convolutionMode" : "Truncate",
        "dist" : null,
        "dropOut" : 0.0,
        "eps" : 1.0E-8,
        "epsilon" : 1.0E-8,
        "gradientNormalization" : "None",
        "gradientNormalizationThreshold" : 1.0,
        "kernelSize" : [ 1, 2 ],
        "l1" : 0.0,
        "l1Bias" : 0.0,
        "l2" : 0.0,
        "l2Bias" : 0.0,
        "layerName" : "layer3",
        "learningRate" : 0.01,
        "learningRateSchedule" : null,
        "momentum" : "NaN",
        "momentumSchedule" : null,
        "padding" : [ 0, 0 ],
        "pnorm" : 0,
        "poolingType" : "MAX",
        "rho" : "NaN",
        "rmsDecay" : 0.95,
        "stride" : [ 1, 2 ],
        "updater" : "RMSPROP",
        "weightInit" : "XAVIER"
      }
    },
    "leakyreluAlpha" : 0.0,
    "learningRateByParam" : { },
    "learningRatePolicy" : "None",
    "lrPolicyDecayRate" : "NaN",
    "lrPolicyPower" : "NaN",
    "lrPolicySteps" : "NaN",
    "maxNumLineSearchIterations" : 5,
    "miniBatch" : true,
    "minimize" : true,
    "numIterations" : 1,
    "optimizationAlgo" : "STOCHASTIC_GRADIENT_DESCENT",
    "pretrain" : false,
    "seed" : 123,
    "stepFunction" : null,
    "useDropConnect" : false,
    "useRegularization" : false,
    "variables" : [ ]
  }, {
    "iterationCount" : 0,
    "l1ByParam" : {
      "b" : 0.0,
      "W" : 0.0
    },
    "l2ByParam" : {
      "b" : 0.0,
      "W" : 0.0
    },
    "layer" : {
      "convolution" : {
        "activationFn" : {
          "ReLU" : { }
        },
        "adamMeanDecay" : "NaN",
        "adamVarDecay" : "NaN",
        "biasInit" : 0.0,
        "biasLearningRate" : 0.01,
        "convolutionMode" : "Truncate",
        "cudnnAlgoMode" : "PREFER_FASTEST",
        "dist" : null,
        "dropOut" : 0.0,
        "epsilon" : 1.0E-8,
        "gradientNormalization" : "None",
        "gradientNormalizationThreshold" : 1.0,
        "kernelSize" : [ 1, 10 ],
        "l1" : 0.0,
        "l1Bias" : 0.0,
        "l2" : 0.0,
        "l2Bias" : 0.0,
        "layerName" : "layer4",
        "learningRate" : 0.01,
        "learningRateSchedule" : null,
        "momentum" : "NaN",
        "momentumSchedule" : null,
        "nin" : 70,
        "nout" : 40,
        "padding" : [ 0, 0 ],
        "rho" : "NaN",
        "rmsDecay" : 0.95,
        "stride" : [ 1, 1 ],
        "updater" : "RMSPROP",
        "weightInit" : "XAVIER"
      }
    },
    "leakyreluAlpha" : 0.0,
    "learningRateByParam" : {
      "b" : 0.01,
      "W" : 0.01
    },
    "learningRatePolicy" : "None",
    "lrPolicyDecayRate" : "NaN",
    "lrPolicyPower" : "NaN",
    "lrPolicySteps" : "NaN",
    "maxNumLineSearchIterations" : 5,
    "miniBatch" : true,
    "minimize" : true,
    "numIterations" : 1,
    "optimizationAlgo" : "STOCHASTIC_GRADIENT_DESCENT",
    "pretrain" : false,
    "seed" : 123,
    "stepFunction" : null,
    "useDropConnect" : false,
    "useRegularization" : false,
    "variables" : [ "W", "b" ]
  }, {
    "iterationCount" : 0,
    "l1ByParam" : {
      "b" : 0.0,
      "W" : 0.0
    },
    "l2ByParam" : {
      "b" : 0.0,
      "W" : 0.0
    },
    "layer" : {
      "dense" : {
        "activationFn" : {
          "TanH" : { }
        },
        "adamMeanDecay" : "NaN",
        "adamVarDecay" : "NaN",
        "biasInit" : 0.0,
        "biasLearningRate" : 0.01,
        "dist" : null,
        "dropOut" : 0.5,
        "epsilon" : 1.0E-8,
        "gradientNormalization" : "None",
        "gradientNormalizationThreshold" : 1.0,
        "l1" : 0.0,
        "l1Bias" : 0.0,
        "l2" : 0.0,
        "l2Bias" : 0.0,
        "layerName" : "layer5",
        "learningRate" : 0.01,
        "learningRateSchedule" : null,
        "momentum" : "NaN",
        "momentumSchedule" : null,
        "nin" : 4360,
        "nout" : 150,
        "rho" : "NaN",
        "rmsDecay" : 0.95,
        "updater" : "RMSPROP",
        "weightInit" : "XAVIER"
      }
    },
    "leakyreluAlpha" : 0.0,
    "learningRateByParam" : {
      "b" : 0.01,
      "W" : 0.01
    },
    "learningRatePolicy" : "None",
    "lrPolicyDecayRate" : "NaN",
    "lrPolicyPower" : "NaN",
    "lrPolicySteps" : "NaN",
    "maxNumLineSearchIterations" : 5,
    "miniBatch" : true,
    "minimize" : true,
    "numIterations" : 1,
    "optimizationAlgo" : "STOCHASTIC_GRADIENT_DESCENT",
    "pretrain" : false,
    "seed" : 123,
    "stepFunction" : null,
    "useDropConnect" : false,
    "useRegularization" : false,
    "variables" : [ "W", "b" ]
  }, {
    "iterationCount" : 0,
    "l1ByParam" : {
      "b" : 0.0,
      "RW" : 0.0,
      "W" : 0.0
    },
    "l2ByParam" : {
      "b" : 0.0,
      "RW" : 0.0,
      "W" : 0.0
    },
    "layer" : {
      "gravesLSTM" : {
        "activationFn" : {
          "ReLU" : { }
        },
        "adamMeanDecay" : "NaN",
        "adamVarDecay" : "NaN",
        "biasInit" : 0.0,
        "biasLearningRate" : 0.01,
        "dist" : null,
        "dropOut" : 0.0,
        "epsilon" : 1.0E-8,
        "forgetGateBiasInit" : 1.0,
        "gateActivationFn" : {
          "Sigmoid" : { }
        },
        "gradientNormalization" : "None",
        "gradientNormalizationThreshold" : 1.0,
        "l1" : 0.0,
        "l1Bias" : 0.0,
        "l2" : 0.0,
        "l2Bias" : 0.0,
        "layerName" : "layer6",
        "learningRate" : 0.01,
        "learningRateSchedule" : null,
        "momentum" : "NaN",
        "momentumSchedule" : null,
        "nin" : 150,
        "nout" : 50,
        "rho" : "NaN",
        "rmsDecay" : 0.95,
        "updater" : "RMSPROP",
        "weightInit" : "XAVIER"
      }
    },
    "leakyreluAlpha" : 0.0,
    "learningRateByParam" : {
      "b" : 0.01,
      "RW" : 0.01,
      "W" : 0.01
    },
    "learningRatePolicy" : "None",
    "lrPolicyDecayRate" : "NaN",
    "lrPolicyPower" : "NaN",
    "lrPolicySteps" : "NaN",
    "maxNumLineSearchIterations" : 5,
    "miniBatch" : true,
    "minimize" : true,
    "numIterations" : 1,
    "optimizationAlgo" : "STOCHASTIC_GRADIENT_DESCENT",
    "pretrain" : false,
    "seed" : 123,
    "stepFunction" : null,
    "useDropConnect" : false,
    "useRegularization" : false,
    "variables" : [ "W", "RW", "b" ]
  }, {
    "iterationCount" : 0,
    "l1ByParam" : {
      "b" : 0.0,
      "W" : 0.0
    },
    "l2ByParam" : {
      "b" : 0.0,
      "W" : 0.0
    },
    "layer" : {
      "rnnoutput" : {
        "activationFn" : {
          "Softmax" : { }
        },
        "adamMeanDecay" : "NaN",
        "adamVarDecay" : "NaN",
        "biasInit" : 0.0,
        "biasLearningRate" : 0.01,
        "dist" : null,
        "dropOut" : 0.0,
        "epsilon" : 1.0E-8,
        "gradientNormalization" : "None",
        "gradientNormalizationThreshold" : 1.0,
        "l1" : 0.0,
        "l1Bias" : 0.0,
        "l2" : 0.0,
        "l2Bias" : 0.0,
        "layerName" : "layer7",
        "learningRate" : 0.01,
        "learningRateSchedule" : null,
        "lossFn" : {
          "MCXENT" : { }
        },
        "lossFunction" : "MCXENT",
        "momentum" : "NaN",
        "momentumSchedule" : null,
        "nin" : 50,
        "nout" : 6,
        "rho" : "NaN",
        "rmsDecay" : 0.95,
        "updater" : "RMSPROP",
        "weightInit" : "XAVIER"
      }
    },
    "leakyreluAlpha" : 0.0,
    "learningRateByParam" : {
      "b" : 0.01,
      "W" : 0.01
    },
    "learningRatePolicy" : "None",
    "lrPolicyDecayRate" : "NaN",
    "lrPolicyPower" : "NaN",
    "lrPolicySteps" : "NaN",
    "maxNumLineSearchIterations" : 5,
    "miniBatch" : true,
    "minimize" : true,
    "numIterations" : 1,
    "optimizationAlgo" : "STOCHASTIC_GRADIENT_DESCENT",
    "pretrain" : false,
    "seed" : 123,
    "stepFunction" : null,
    "useDropConnect" : false,
    "useRegularization" : false,
    "variables" : [ "W", "b" ]
  } ],
  "inputPreProcessors" : {
    "5" : {
      "cnnToFeedForward" : {
        "inputHeight" : 1,
        "inputWidth" : 109,
        "numChannels" : 40
      }
    },
    "6" : {
      "feedForwardToRnn" : { }
    }
  },
  "iterationCount" : 8000,
  "pretrain" : false,
  "tbpttBackLength" : 20,
  "tbpttFwdLength" : 20
}